global_step,metric,value
5,episodic_return,4.0
5,episodic_length,5.0
14,episodic_return,7.0
14,episodic_length,8.0
29,episodic_return,13.0
29,episodic_length,14.0
38,episodic_return,7.0
38,episodic_length,8.0
43,episodic_return,3.0
43,episodic_length,4.0
48,episodic_return,3.0
48,episodic_length,4.0
59,episodic_return,9.0
59,episodic_length,10.0
75,episodic_return,14.0
75,episodic_length,15.0
81,episodic_return,4.0
81,episodic_length,5.0
88,episodic_return,5.0
88,episodic_length,6.0
93,episodic_return,3.0
93,episodic_length,4.0
104,episodic_return,9.0
104,episodic_length,10.0
112,episodic_return,6.0
112,episodic_length,7.0
119,episodic_return,5.0
119,episodic_length,6.0
124,episodic_return,3.0
124,episodic_length,4.0
128,episodic_return,2.0
128,episodic_length,3.0
136,episodic_return,6.0
136,episodic_length,7.0
141,episodic_return,3.0
141,episodic_length,4.0
163,episodic_return,20.0
163,episodic_length,21.0
170,episodic_return,5.0
170,episodic_length,6.0
178,episodic_return,6.0
178,episodic_length,7.0
182,episodic_return,2.0
182,episodic_length,3.0
193,episodic_return,9.0
193,episodic_length,10.0
199,episodic_return,4.0
199,episodic_length,5.0
208,episodic_return,7.0
208,episodic_length,8.0
217,episodic_return,7.0
217,episodic_length,8.0
229,episodic_return,10.0
229,episodic_length,11.0
244,episodic_return,13.0
244,episodic_length,14.0
249,episodic_return,3.0
249,episodic_length,4.0
260,episodic_return,9.0
260,episodic_length,10.0
268,episodic_return,6.0
268,episodic_length,7.0
281,episodic_return,11.0
281,episodic_length,12.0
286,episodic_return,3.0
286,episodic_length,4.0
308,episodic_return,20.0
308,episodic_length,21.0
314,episodic_return,4.0
314,episodic_length,5.0
325,episodic_return,9.0
325,episodic_length,10.0
337,episodic_return,10.0
337,episodic_length,11.0
356,episodic_return,17.0
356,episodic_length,18.0
363,episodic_return,5.0
363,episodic_length,6.0
378,episodic_return,13.0
378,episodic_length,14.0
384,episodic_return,4.0
384,episodic_length,5.0
401,episodic_return,15.0
401,episodic_length,16.0
416,episodic_return,13.0
416,episodic_length,14.0
421,episodic_return,3.0
421,episodic_length,4.0
426,episodic_return,3.0
426,episodic_length,4.0
440,episodic_return,12.0
440,episodic_length,13.0
447,episodic_return,5.0
447,episodic_length,6.0
453,episodic_return,4.0
453,episodic_length,5.0
464,episodic_return,9.0
464,episodic_length,10.0
478,episodic_return,12.0
478,episodic_length,13.0
491,episodic_return,11.0
491,episodic_length,12.0
512,episodic_return,19.0
512,episodic_length,20.0
520,episodic_return,6.0
520,episodic_length,7.0
526,episodic_return,4.0
526,episodic_length,5.0
533,episodic_return,5.0
533,episodic_length,6.0
541,episodic_return,6.0
541,episodic_length,7.0
549,episodic_return,6.0
549,episodic_length,7.0
559,episodic_return,8.0
559,episodic_length,9.0
565,episodic_return,4.0
565,episodic_length,5.0
573,episodic_return,6.0
573,episodic_length,7.0
579,episodic_return,4.0
579,episodic_length,5.0
586,episodic_return,5.0
586,episodic_length,6.0
593,episodic_return,5.0
593,episodic_length,6.0
599,episodic_return,4.0
599,episodic_length,5.0
605,episodic_return,4.0
605,episodic_length,5.0
611,episodic_return,4.0
611,episodic_length,5.0
628,episodic_return,15.0
628,episodic_length,16.0
646,episodic_return,16.0
646,episodic_length,17.0
654,episodic_return,6.0
654,episodic_length,7.0
674,episodic_return,18.0
674,episodic_length,19.0
680,episodic_return,4.0
680,episodic_length,5.0
694,episodic_return,12.0
694,episodic_length,13.0
702,episodic_return,6.0
702,episodic_length,7.0
709,episodic_return,5.0
709,episodic_length,6.0
724,episodic_return,13.0
724,episodic_length,14.0
736,episodic_return,10.0
736,episodic_length,11.0
744,episodic_return,6.0
744,episodic_length,7.0
753,episodic_return,7.0
753,episodic_length,8.0
762,episodic_return,7.0
762,episodic_length,8.0
771,episodic_return,7.0
771,episodic_length,8.0
775,episodic_return,2.0
775,episodic_length,3.0
786,episodic_return,9.0
786,episodic_length,10.0
792,episodic_return,4.0
792,episodic_length,5.0
798,episodic_return,4.0
798,episodic_length,5.0
804,episodic_return,4.0
804,episodic_length,5.0
810,episodic_return,4.0
810,episodic_length,5.0
817,episodic_return,5.0
817,episodic_length,6.0
838,episodic_return,19.0
838,episodic_length,20.0
849,episodic_return,9.0
849,episodic_length,10.0
855,episodic_return,4.0
855,episodic_length,5.0
873,episodic_return,16.0
873,episodic_length,17.0
879,episodic_return,4.0
879,episodic_length,5.0
892,episodic_return,11.0
892,episodic_length,12.0
897,episodic_return,3.0
897,episodic_length,4.0
904,episodic_return,5.0
904,episodic_length,6.0
915,episodic_return,9.0
915,episodic_length,10.0
922,episodic_return,5.0
922,episodic_length,6.0
932,episodic_return,8.0
932,episodic_length,9.0
939,episodic_return,5.0
939,episodic_length,6.0
952,episodic_return,11.0
952,episodic_length,12.0
961,episodic_return,7.0
961,episodic_length,8.0
966,episodic_return,3.0
966,episodic_length,4.0
973,episodic_return,5.0
973,episodic_length,6.0
978,episodic_return,3.0
978,episodic_length,4.0
984,episodic_return,4.0
984,episodic_length,5.0
992,episodic_return,6.0
992,episodic_length,7.0
999,episodic_return,5.0
999,episodic_length,6.0
1007,episodic_return,6.0
1007,episodic_length,7.0
1020,episodic_return,11.0
1020,episodic_length,12.0
1029,episodic_return,7.0
1029,episodic_length,8.0
1033,episodic_return,2.0
1033,episodic_length,3.0
1040,episodic_return,5.0
1040,episodic_length,6.0
1048,episodic_return,6.0
1048,episodic_length,7.0
1059,episodic_return,9.0
1059,episodic_length,10.0
1066,episodic_return,5.0
1066,episodic_length,6.0
1077,episodic_return,9.0
1077,episodic_length,10.0
1084,episodic_return,5.0
1084,episodic_length,6.0
1089,episodic_return,3.0
1089,episodic_length,4.0
1095,episodic_return,4.0
1095,episodic_length,5.0
1103,episodic_return,6.0
1103,episodic_length,7.0
1110,episodic_return,5.0
1110,episodic_length,6.0
1117,episodic_return,5.0
1117,episodic_length,6.0
1125,episodic_return,6.0
1125,episodic_length,7.0
1131,episodic_return,4.0
1131,episodic_length,5.0
1153,episodic_return,20.0
1153,episodic_length,21.0
1164,episodic_return,9.0
1164,episodic_length,10.0
1173,episodic_return,7.0
1173,episodic_length,8.0
1195,episodic_return,20.0
1195,episodic_length,21.0
1201,episodic_return,4.0
1201,episodic_length,5.0
1211,episodic_return,8.0
1211,episodic_length,9.0
1217,episodic_return,4.0
1217,episodic_length,5.0
1225,episodic_return,6.0
1225,episodic_length,7.0
1233,episodic_return,6.0
1233,episodic_length,7.0
1240,episodic_return,5.0
1240,episodic_length,6.0
1246,episodic_return,4.0
1246,episodic_length,5.0
1257,episodic_return,9.0
1257,episodic_length,10.0
1264,episodic_return,5.0
1264,episodic_length,6.0
1270,episodic_return,4.0
1270,episodic_length,5.0
1276,episodic_return,4.0
1276,episodic_length,5.0
1287,episodic_return,9.0
1287,episodic_length,10.0
1292,episodic_return,3.0
1292,episodic_length,4.0
1299,episodic_return,5.0
1299,episodic_length,6.0
1304,episodic_return,3.0
1304,episodic_length,4.0
1312,episodic_return,6.0
1312,episodic_length,7.0
1320,episodic_return,6.0
1320,episodic_length,7.0
1327,episodic_return,5.0
1327,episodic_length,6.0
1337,episodic_return,8.0
1337,episodic_length,9.0
1345,episodic_return,6.0
1345,episodic_length,7.0
1351,episodic_return,4.0
1351,episodic_length,5.0
1356,episodic_return,3.0
1356,episodic_length,4.0
1373,episodic_return,15.0
1373,episodic_length,16.0
1381,episodic_return,6.0
1381,episodic_length,7.0
1403,episodic_return,20.0
1403,episodic_length,21.0
1408,episodic_return,3.0
1408,episodic_length,4.0
1426,episodic_return,16.0
1426,episodic_length,17.0
1434,episodic_return,6.0
1434,episodic_length,7.0
1439,episodic_return,3.0
1439,episodic_length,4.0
1445,episodic_return,4.0
1445,episodic_length,5.0
1451,episodic_return,4.0
1451,episodic_length,5.0
1465,episodic_return,12.0
1465,episodic_length,13.0
1471,episodic_return,4.0
1471,episodic_length,5.0
1488,episodic_return,15.0
1488,episodic_length,16.0
1498,episodic_return,8.0
1498,episodic_length,9.0
1505,episodic_return,5.0
1505,episodic_length,6.0
1511,episodic_return,4.0
1511,episodic_length,5.0
1516,episodic_return,3.0
1516,episodic_length,4.0
1530,episodic_return,12.0
1530,episodic_length,13.0
1543,episodic_return,11.0
1543,episodic_length,12.0
1550,episodic_return,5.0
1550,episodic_length,6.0
1555,episodic_return,3.0
1555,episodic_length,4.0
1563,episodic_return,6.0
1563,episodic_length,7.0
1573,episodic_return,8.0
1573,episodic_length,9.0
1584,episodic_return,9.0
1584,episodic_length,10.0
1618,episodic_return,32.0
1618,episodic_length,33.0
1625,episodic_return,5.0
1625,episodic_length,6.0
1640,episodic_return,13.0
1640,episodic_length,14.0
1648,episodic_return,6.0
1648,episodic_length,7.0
1667,episodic_return,17.0
1667,episodic_length,18.0
1684,episodic_return,15.0
1684,episodic_length,16.0
1694,episodic_return,8.0
1694,episodic_length,9.0
1704,episodic_return,8.0
1704,episodic_length,9.0
1730,episodic_return,24.0
1730,episodic_length,25.0
1735,episodic_return,3.0
1735,episodic_length,4.0
1740,episodic_return,3.0
1740,episodic_length,4.0
1746,episodic_return,4.0
1746,episodic_length,5.0
1757,episodic_return,9.0
1757,episodic_length,10.0
1768,episodic_return,9.0
1768,episodic_length,10.0
1780,episodic_return,10.0
1780,episodic_length,11.0
1785,episodic_return,3.0
1785,episodic_length,4.0
1791,episodic_return,4.0
1791,episodic_length,5.0
1800,episodic_return,7.0
1800,episodic_length,8.0
1810,episodic_return,8.0
1810,episodic_length,9.0
1815,episodic_return,3.0
1815,episodic_length,4.0
1821,episodic_return,4.0
1821,episodic_length,5.0
1836,episodic_return,13.0
1836,episodic_length,14.0
1842,episodic_return,4.0
1842,episodic_length,5.0
1868,episodic_return,24.0
1868,episodic_length,25.0
1877,episodic_return,7.0
1877,episodic_length,8.0
1881,episodic_return,2.0
1881,episodic_length,3.0
1891,episodic_return,8.0
1891,episodic_length,9.0
1910,episodic_return,17.0
1910,episodic_length,18.0
1923,episodic_return,11.0
1923,episodic_length,12.0
1930,episodic_return,5.0
1930,episodic_length,6.0
1938,episodic_return,6.0
1938,episodic_length,7.0
1950,episodic_return,10.0
1950,episodic_length,11.0
1956,episodic_return,4.0
1956,episodic_length,5.0
1968,episodic_return,10.0
1968,episodic_length,11.0
1980,episodic_return,10.0
1980,episodic_length,11.0
1990,episodic_return,8.0
1990,episodic_length,9.0
1997,episodic_return,5.0
1997,episodic_length,6.0
2002,episodic_return,3.0
2002,episodic_length,4.0
2011,episodic_return,7.0
2011,episodic_length,8.0
2030,episodic_return,17.0
2030,episodic_length,18.0
2035,episodic_return,3.0
2035,episodic_length,4.0
2040,episodic_return,3.0
2040,episodic_length,4.0
2045,episodic_return,3.0
2045,episodic_length,4.0
2048,value_loss,0.6240125298500061
2048,policy_loss,-0.10995031893253326
2048,approx_kl,2.40238356590271
2048,clipfrac,0.645458984375
2048,explained_variance,-0.024607062339782715
2048,sps,776.0
2049,episodic_return,2.0
2049,episodic_length,3.0
2090,episodic_return,39.0
2090,episodic_length,40.0
2124,episodic_return,32.0
2124,episodic_length,33.0
2178,episodic_return,52.0
2178,episodic_length,53.0
2286,episodic_return,106.0
2286,episodic_length,107.0
2321,episodic_return,33.0
2321,episodic_length,34.0
2372,episodic_return,49.0
2372,episodic_length,50.0
2435,episodic_return,61.0
2435,episodic_length,62.0
2473,episodic_return,36.0
2473,episodic_length,37.0
2532,episodic_return,57.0
2532,episodic_length,58.0
2565,episodic_return,31.0
2565,episodic_length,32.0
2606,episodic_return,39.0
2606,episodic_length,40.0
2636,episodic_return,28.0
2636,episodic_length,29.0
2704,episodic_return,66.0
2704,episodic_length,67.0
2757,episodic_return,51.0
2757,episodic_length,52.0
2795,episodic_return,36.0
2795,episodic_length,37.0
2857,episodic_return,60.0
2857,episodic_length,61.0
2908,episodic_return,49.0
2908,episodic_length,50.0
2944,episodic_return,34.0
2944,episodic_length,35.0
3011,episodic_return,65.0
3011,episodic_length,66.0
3053,episodic_return,40.0
3053,episodic_length,41.0
3092,episodic_return,37.0
3092,episodic_length,38.0
3185,episodic_return,91.0
3185,episodic_length,92.0
3268,episodic_return,81.0
3268,episodic_length,82.0
3327,episodic_return,57.0
3327,episodic_length,58.0
3360,episodic_return,31.0
3360,episodic_length,32.0
3407,episodic_return,45.0
3407,episodic_length,46.0
3455,episodic_return,46.0
3455,episodic_length,47.0
3507,episodic_return,50.0
3507,episodic_length,51.0
3555,episodic_return,46.0
3555,episodic_length,47.0
3593,episodic_return,36.0
3593,episodic_length,37.0
3682,episodic_return,87.0
3682,episodic_length,88.0
3735,episodic_return,51.0
3735,episodic_length,52.0
3780,episodic_return,43.0
3780,episodic_length,44.0
3822,episodic_return,40.0
3822,episodic_length,41.0
3844,episodic_return,20.0
3844,episodic_length,21.0
3901,episodic_return,55.0
3901,episodic_length,56.0
3959,episodic_return,56.0
3959,episodic_length,57.0
4038,episodic_return,77.0
4038,episodic_length,78.0
4091,episodic_return,51.0
4091,episodic_length,52.0
4096,value_loss,0.4048580527305603
4096,policy_loss,-0.23172219097614288
4096,approx_kl,3.997231960296631
4096,clipfrac,0.68310546875
4096,explained_variance,0.007194340229034424
4096,sps,781.0
4221,episodic_return,128.0
4221,episodic_length,129.0
4476,episodic_return,253.0
4476,episodic_length,254.0
4824,episodic_return,346.0
4824,episodic_length,347.0
5099,episodic_return,273.0
5099,episodic_length,274.0
5412,episodic_return,311.0
5412,episodic_length,312.0
5835,episodic_return,421.0
5835,episodic_length,422.0
6144,value_loss,0.11110204458236694
6144,policy_loss,-0.13472139835357666
6144,approx_kl,1.439613699913025
6144,clipfrac,0.664599609375
6144,explained_variance,-0.2760714292526245
6144,sps,767.0
6699,episodic_return,862.0
6699,episodic_length,863.0
7013,episodic_return,312.0
7013,episodic_length,313.0
7583,episodic_return,568.0
7583,episodic_length,569.0
7929,episodic_return,344.0
7929,episodic_length,345.0
8192,value_loss,0.029341764748096466
8192,policy_loss,-0.017659872770309448
8192,approx_kl,0.05911516398191452
8192,clipfrac,0.27734375
8192,explained_variance,-0.6294111013412476
8192,sps,764.0
8543,episodic_return,612.0
8543,episodic_length,613.0
8958,episodic_return,413.0
8958,episodic_length,414.0
9112,episodic_return,152.0
9112,episodic_length,153.0
9515,episodic_return,401.0
9515,episodic_length,402.0
9908,episodic_return,391.0
9908,episodic_length,392.0
10240,value_loss,0.013610674999654293
10240,policy_loss,-0.18248821794986725
10240,approx_kl,1.3347581624984741
10240,clipfrac,0.595751953125
10240,explained_variance,0.21193146705627441
10240,sps,763.0
10909,episodic_return,1000.0
10909,episodic_length,1000.0
11910,episodic_return,1000.0
11910,episodic_length,1000.0
12288,value_loss,0.004104250110685825
12288,policy_loss,-0.10013516247272491
12288,approx_kl,0.22512049973011017
12288,clipfrac,0.444677734375
12288,explained_variance,-0.3018752336502075
12288,sps,747.0
12911,episodic_return,1000.0
12911,episodic_length,1000.0
13912,episodic_return,1000.0
13912,episodic_length,1000.0
14336,value_loss,0.0016502143116667867
14336,policy_loss,-0.08891268074512482
14336,approx_kl,0.3176840841770172
14336,clipfrac,0.41962890625
14336,explained_variance,-0.19439923763275146
14336,sps,717.0
14913,episodic_return,1000.0
14913,episodic_length,1000.0
15914,episodic_return,1000.0
15914,episodic_length,1000.0
16384,value_loss,0.008946353569626808
16384,policy_loss,0.055720601230859756
16384,approx_kl,0.6241578459739685
16384,clipfrac,0.402685546875
16384,explained_variance,0.01758641004562378
16384,sps,657.0
16915,episodic_return,1000.0
16915,episodic_length,1000.0
17916,episodic_return,1000.0
17916,episodic_length,1000.0
18432,value_loss,0.0018793963827192783
18432,policy_loss,0.03048190101981163
18432,approx_kl,0.17851749062538147
18432,clipfrac,0.417431640625
18432,explained_variance,-0.07849347591400146
18432,sps,620.0
18917,episodic_return,1000.0
18917,episodic_length,1000.0
19918,episodic_return,1000.0
19918,episodic_length,1000.0
20480,value_loss,0.023356856778264046
20480,policy_loss,-0.06307369470596313
20480,approx_kl,0.4886995851993561
20480,clipfrac,0.470068359375
20480,explained_variance,-0.06837105751037598
20480,sps,575.0
20919,episodic_return,1000.0
20919,episodic_length,1000.0
21920,episodic_return,1000.0
21920,episodic_length,1000.0
22528,value_loss,0.03141129016876221
22528,policy_loss,-0.018322477117180824
22528,approx_kl,0.24297799170017242
22528,clipfrac,0.255712890625
22528,explained_variance,-0.028085827827453613
22528,sps,543.0
22921,episodic_return,1000.0
22921,episodic_length,1000.0
23922,episodic_return,1000.0
23922,episodic_length,1000.0
24576,value_loss,0.016165589913725853
24576,policy_loss,-0.005949797108769417
24576,approx_kl,0.08708598464727402
24576,clipfrac,0.18544921875
24576,explained_variance,-0.04966080188751221
24576,sps,511.0
24923,episodic_return,1000.0
24923,episodic_length,1000.0
25924,episodic_return,1000.0
25924,episodic_length,1000.0
26624,value_loss,0.017522437497973442
26624,policy_loss,-0.006186559796333313
26624,approx_kl,0.01168396882712841
26624,clipfrac,0.046630859375
26624,explained_variance,0.0256691575050354
26624,sps,486.0
26925,episodic_return,1000.0
26925,episodic_length,1000.0
27926,episodic_return,1000.0
27926,episodic_length,1000.0
28672,value_loss,0.08340360224246979
28672,policy_loss,-0.00017838552594184875
28672,approx_kl,0.0007335720583796501
28672,clipfrac,0.000439453125
28672,explained_variance,-0.04282021522521973
28672,sps,468.0
